{
  "accuracy": 0.998003992015968,
  "precision": 0.9980136813751138,
  "recall": 0.998003992015968,
  "f1": 0.998003992015968,
  "samples_evaluated": 501
}