{
  "accuracy": 0.9900990099009901,
  "precision": 0.9903142488161859,
  "recall": 0.9900990099009901,
  "f1": 0.9900326671637949,
  "samples_evaluated": 101
}